date,Apple Inc._unscaled,Apple Inc._monthly,isPartial,scale,Apple Inc.
2019-01-01,100,,,,
2019-01-02,0,,,,
2019-01-03,0,,,,
2019-01-04,21,,,,
2019-01-05,31,,,,
2019-01-06,0,37.0,False,0.37,0.0
2019-01-07,0,37.0,,0.37,0.0
2019-01-08,17,37.0,,0.37,6.29
2019-01-09,0,37.0,,0.37,0.0
2019-01-10,38,37.0,,0.37,14.06
2019-01-11,22,37.0,,0.37,8.14
2019-01-12,0,37.0,,0.37,0.0
2019-01-13,0,37.0,False,0.37,0.0
2019-01-14,0,37.0,,0.37,0.0
2019-01-15,0,37.0,,0.37,0.0
2019-01-16,47,37.0,,0.37,17.39
2019-01-17,0,37.0,,0.37,0.0
2019-01-18,0,37.0,,0.37,0.0
2019-01-19,35,37.0,,0.37,12.95
2019-01-20,0,40.0,False,0.4,0.0
2019-01-21,0,40.0,,0.4,0.0
2019-01-22,26,40.0,,0.4,10.4
2019-01-23,0,40.0,,0.4,0.0
2019-01-24,49,40.0,,0.4,19.6
2019-01-25,17,40.0,,0.4,6.800000000000001
2019-01-26,54,40.0,,0.4,21.6
2019-01-27,0,49.0,False,0.49,0.0
2019-01-28,31,49.0,,0.49,15.19
2019-01-29,47,49.0,,0.49,23.03
2019-01-30,35,49.0,,0.49,17.15
2019-01-31,63,49.0,,0.49,30.87
2019-02-01,46,49.0,,0.49,22.54
2019-02-02,0,49.0,,0.49,0.0
2019-02-03,0,36.0,False,0.36,0.0
2019-02-04,100,36.0,,0.36,36.0
2019-02-05,42,36.0,,0.36,15.12
2019-02-06,0,36.0,,0.36,0.0
2019-02-07,0,36.0,,0.36,0.0
2019-02-08,0,36.0,,0.36,0.0
2019-02-09,0,36.0,,0.36,0.0
2019-02-10,0,36.0,False,0.36,0.0
2019-02-11,89,36.0,,0.36,32.04
2019-02-12,0,36.0,,0.36,0.0
2019-02-13,31,36.0,,0.36,11.16
2019-02-14,51,36.0,,0.36,18.36
2019-02-15,41,36.0,,0.36,14.76
2019-02-16,0,36.0,,0.36,0.0
2019-02-17,0,55.0,False,0.55,0.0
2019-02-18,0,55.0,,0.55,0.0
2019-02-19,27,55.0,,0.55,14.850000000000001
2019-02-20,37,55.0,,0.55,20.35
2019-02-21,62,55.0,,0.55,34.1
2019-02-22,44,55.0,,0.55,24.200000000000003
2019-02-23,0,55.0,,0.55,0.0
2019-02-24,0,15.0,False,0.15,0.0
2019-02-25,27,15.0,,0.15,4.05
2019-02-26,35,15.0,,0.15,5.25
2019-02-27,32,15.0,,0.15,4.8
2019-02-28,0,15.0,,0.15,0.0
2019-03-01,0,15.0,,0.15,0.0
2019-03-02,0,15.0,,0.15,0.0
2019-03-03,0,44.0,False,0.44,0.0
2019-03-04,0,44.0,,0.44,0.0
2019-03-05,38,44.0,,0.44,16.72
2019-03-06,0,44.0,,0.44,0.0
2019-03-07,42,44.0,,0.44,18.48
2019-03-08,26,44.0,,0.44,11.44
2019-03-09,0,44.0,,0.44,0.0
2019-03-10,0,34.0,False,0.34,0.0
2019-03-11,97,34.0,,0.34,32.980000000000004
2019-03-12,41,34.0,,0.34,13.940000000000001
2019-03-13,69,34.0,,0.34,23.46
2019-03-14,34,34.0,,0.34,11.56
2019-03-15,96,34.0,,0.34,32.64
2019-03-16,0,34.0,,0.34,0.0
2019-03-17,0,54.0,False,0.54,0.0
2019-03-18,56,54.0,,0.54,30.240000000000002
2019-03-19,31,54.0,,0.54,16.740000000000002
2019-03-20,71,54.0,,0.54,38.34
2019-03-21,100,54.0,,0.54,54.0
2019-03-22,38,54.0,,0.54,20.520000000000003
2019-03-23,0,54.0,,0.54,0.0
2019-03-24,0,53.0,False,0.53,0.0
2019-03-25,55,53.0,,0.53,29.150000000000002
2019-03-26,32,53.0,,0.53,16.96
2019-03-27,49,53.0,,0.53,25.970000000000002
2019-03-28,37,53.0,,0.53,19.61
2019-03-29,65,53.0,,0.53,34.45
2019-03-30,0,53.0,,0.53,0.0
2019-03-31,43,53.0,False,0.53,22.790000000000003
2019-04-01,54,53.0,,0.53,28.62
2019-04-02,0,53.0,,0.53,0.0
2019-04-03,0,53.0,,0.53,0.0
2019-04-04,33,53.0,,0.53,17.490000000000002
2019-04-05,0,53.0,,0.53,0.0
2019-04-06,0,53.0,,0.53,0.0
2019-04-07,64,32.0,False,0.32,20.48
2019-04-08,92,32.0,,0.32,29.44
2019-04-09,59,32.0,,0.32,18.88
2019-04-10,34,32.0,,0.32,10.88
2019-04-11,43,32.0,,0.32,13.76
2019-04-12,46,32.0,,0.32,14.72
2019-04-13,0,32.0,,0.32,0.0
2019-04-14,100,31.0,False,0.31,31.0
2019-04-15,63,31.0,,0.31,19.53
2019-04-16,0,31.0,,0.31,0.0
2019-04-17,0,31.0,,0.31,0.0
2019-04-18,63,31.0,,0.31,19.53
2019-04-19,0,31.0,,0.31,0.0
2019-04-20,74,31.0,,0.31,22.94
2019-04-21,71,38.0,False,0.38,26.98
2019-04-22,0,38.0,,0.38,0.0
2019-04-23,0,38.0,,0.38,0.0
2019-04-24,88,38.0,,0.38,33.44
2019-04-25,0,38.0,,0.38,0.0
2019-04-26,0,38.0,,0.38,0.0
2019-04-27,73,38.0,,0.38,27.740000000000002
2019-04-28,0,37.0,False,0.37,0.0
2019-04-29,0,37.0,,0.37,0.0
2019-04-30,0,37.0,,0.37,0.0
2019-05-01,37,37.0,,0.37,13.69
2019-05-02,100,37.0,,0.37,37.0
2019-05-03,0,37.0,,0.37,0.0
2019-05-04,41,37.0,,0.37,15.17
2019-05-05,0,25.0,False,0.25,0.0
2019-05-06,0,25.0,,0.25,0.0
2019-05-07,0,25.0,,0.25,0.0
2019-05-08,0,25.0,,0.25,0.0
2019-05-09,44,25.0,,0.25,11.0
2019-05-10,0,25.0,,0.25,0.0
2019-05-11,0,25.0,,0.25,0.0
2019-05-12,0,43.0,False,0.43,0.0
2019-05-13,0,43.0,,0.43,0.0
2019-05-14,51,43.0,,0.43,21.93
2019-05-15,0,43.0,,0.43,0.0
2019-05-16,0,43.0,,0.43,0.0
2019-05-17,43,43.0,,0.43,18.49
2019-05-18,0,43.0,,0.43,0.0
2019-05-19,33,40.0,False,0.4,13.200000000000001
2019-05-20,0,40.0,,0.4,0.0
2019-05-21,61,40.0,,0.4,24.400000000000002
2019-05-22,26,40.0,,0.4,10.4
2019-05-23,0,40.0,,0.4,0.0
2019-05-24,0,40.0,,0.4,0.0
2019-05-25,0,40.0,,0.4,0.0
2019-05-26,64,22.0,False,0.22,14.08
2019-05-27,0,22.0,,0.22,0.0
2019-05-28,0,22.0,,0.22,0.0
2019-05-29,41,22.0,,0.22,9.02
2019-05-30,0,22.0,,0.22,0.0
2019-05-31,0,22.0,,0.22,0.0
2019-06-01,0,22.0,,0.22,0.0
2019-06-02,41,40.0,False,0.4,16.400000000000002
2019-06-03,100,40.0,,0.4,40.0
2019-06-04,31,40.0,,0.4,12.4
2019-06-05,40,40.0,,0.4,16.0
2019-06-06,0,40.0,,0.4,0.0
2019-06-07,53,40.0,,0.4,21.200000000000003
2019-06-08,0,40.0,,0.4,0.0
2019-06-09,0,35.0,False,0.35,0.0
2019-06-10,0,35.0,,0.35,0.0
2019-06-11,0,35.0,,0.35,0.0
2019-06-12,85,35.0,,0.35,29.749999999999996
2019-06-13,0,35.0,,0.35,0.0
2019-06-14,36,35.0,,0.35,12.6
2019-06-15,0,35.0,,0.35,0.0
2019-06-16,90,39.0,False,0.39,35.1
2019-06-17,0,39.0,,0.39,0.0
2019-06-18,34,39.0,,0.39,13.26
2019-06-19,0,39.0,,0.39,0.0
2019-06-20,57,39.0,,0.39,22.23
2019-06-21,0,39.0,,0.39,0.0
2019-06-22,0,39.0,,0.39,0.0
2019-06-23,0,59.0,False,0.59,0.0
2019-06-24,64,59.0,,0.59,37.76
2019-06-25,32,59.0,,0.59,18.88
2019-06-26,61,59.0,,0.59,35.989999999999995
2019-06-27,42,59.0,,0.59,24.779999999999998
2019-06-28,76,59.0,,0.59,44.839999999999996
2019-06-29,62,59.0,,0.59,36.58
2019-06-30,0,29.0,False,0.29,0.0
2019-07-01,33,29.0,,0.29,9.569999999999999
2019-07-02,0,29.0,,0.29,0.0
2019-07-03,0,29.0,,0.29,0.0
2019-07-04,50,29.0,,0.29,14.499999999999998
2019-07-05,0,29.0,,0.29,0.0
2019-07-06,0,29.0,,0.29,0.0
2019-07-07,0,51.0,False,0.51,0.0
2019-07-08,64,51.0,,0.51,32.64
2019-07-09,0,51.0,,0.51,0.0
2019-07-10,28,51.0,,0.51,14.280000000000001
2019-07-11,0,51.0,,0.51,0.0
2019-07-12,61,51.0,,0.51,31.11
2019-07-13,0,51.0,,0.51,0.0
2019-07-14,0,50.0,False,0.5,0.0
2019-07-15,0,50.0,,0.5,0.0
2019-07-16,0,50.0,,0.5,0.0
2019-07-17,46,50.0,,0.5,23.0
2019-07-18,100,50.0,,0.5,50.0
2019-07-19,0,50.0,,0.5,0.0
2019-07-20,0,50.0,,0.5,0.0
2019-07-21,0,45.0,False,0.45,0.0
2019-07-22,26,45.0,,0.45,11.700000000000001
2019-07-23,29,45.0,,0.45,13.05
2019-07-24,33,45.0,,0.45,14.85
2019-07-25,29,45.0,,0.45,13.05
2019-07-26,0,45.0,,0.45,0.0
2019-07-27,0,45.0,,0.45,0.0
2019-07-28,0,22.0,False,0.22,0.0
2019-07-29,0,22.0,,0.22,0.0
2019-07-30,21,22.0,,0.22,4.62
2019-07-31,32,22.0,,0.22,7.04
2019-08-01,0,22.0,,0.22,0.0
2019-08-02,0,22.0,,0.22,0.0
2019-08-03,41,22.0,,0.22,9.02
2019-08-04,0,8.0,False,0.08,0.0
2019-08-05,0,8.0,,0.08,0.0
2019-08-06,28,8.0,,0.08,2.24
2019-08-07,0,8.0,,0.08,0.0
2019-08-08,32,8.0,,0.08,2.56
2019-08-09,0,8.0,,0.08,0.0
2019-08-10,39,8.0,,0.08,3.12
2019-08-11,0,24.0,False,0.24,0.0
2019-08-12,0,24.0,,0.24,0.0
2019-08-13,28,24.0,,0.24,6.72
2019-08-14,40,24.0,,0.24,9.6
2019-08-15,0,24.0,,0.24,0.0
2019-08-16,90,24.0,,0.24,21.599999999999998
2019-08-17,56,24.0,,0.24,13.44
2019-08-18,0,40.0,False,0.4,0.0
2019-08-19,65,40.0,,0.4,26.0
2019-08-20,0,40.0,,0.4,0.0
2019-08-21,0,40.0,,0.4,0.0
2019-08-22,0,40.0,,0.4,0.0
2019-08-23,32,40.0,,0.4,12.8
2019-08-24,0,40.0,,0.4,0.0
2019-08-25,37,51.0,False,0.51,18.87
2019-08-26,45,51.0,,0.51,22.95
2019-08-27,100,51.0,,0.51,51.0
2019-08-28,0,51.0,,0.51,0.0
2019-08-29,54,51.0,,0.51,27.54
2019-08-30,0,51.0,,0.51,0.0
2019-08-31,0,51.0,,0.51,0.0
2019-09-01,28,34.0,False,0.34,9.520000000000001
2019-09-02,0,34.0,,0.34,0.0
2019-09-03,74,34.0,,0.34,25.16
2019-09-04,0,34.0,,0.34,0.0
2019-09-05,0,34.0,,0.34,0.0
2019-09-06,100,34.0,,0.34,34.0
2019-09-07,0,34.0,,0.34,0.0
2019-09-08,0,38.0,False,0.38,0.0
2019-09-09,0,38.0,,0.38,0.0
2019-09-10,29,38.0,,0.38,11.02
2019-09-11,0,38.0,,0.38,0.0
2019-09-12,36,38.0,,0.38,13.68
2019-09-13,0,38.0,,0.38,0.0
2019-09-14,0,38.0,,0.38,0.0
2019-09-15,0,59.0,False,0.59,0.0
2019-09-16,0,59.0,,0.59,0.0
2019-09-17,22,59.0,,0.59,12.979999999999999
2019-09-18,29,59.0,,0.59,17.11
2019-09-19,70,59.0,,0.59,41.3
2019-09-20,60,59.0,,0.59,35.4
2019-09-21,0,59.0,,0.59,0.0
2019-09-22,0,56.0,False,0.56,0.0
2019-09-23,34,56.0,,0.56,19.040000000000003
2019-09-24,0,56.0,,0.56,0.0
2019-09-25,38,56.0,,0.56,21.28
2019-09-26,36,56.0,,0.56,20.160000000000004
2019-09-27,23,56.0,,0.56,12.88
2019-09-28,0,56.0,,0.56,0.0
2019-09-29,0,35.0,False,0.35,0.0
2019-09-30,82,35.0,,0.35,28.7
2019-10-01,29,35.0,,0.35,10.149999999999999
2019-10-02,58,35.0,,0.35,20.299999999999997
2019-10-03,38,35.0,,0.35,13.299999999999999
2019-10-04,78,35.0,,0.35,27.299999999999997
2019-10-05,0,35.0,,0.35,0.0
2019-10-06,0,56.0,False,0.56,0.0
2019-10-07,68,56.0,,0.56,38.080000000000005
2019-10-08,46,56.0,,0.56,25.76
2019-10-09,0,56.0,,0.56,0.0
2019-10-10,62,56.0,,0.56,34.720000000000006
2019-10-11,100,56.0,,0.56,56.00000000000001
2019-10-12,0,56.0,,0.56,0.0
2019-10-13,31,35.0,False,0.35,10.85
2019-10-14,0,35.0,,0.35,0.0
2019-10-15,0,35.0,,0.35,0.0
2019-10-16,0,35.0,,0.35,0.0
2019-10-17,30,35.0,,0.35,10.5
2019-10-18,0,35.0,,0.35,0.0
2019-10-19,0,35.0,,0.35,0.0
2019-10-20,0,52.0,False,0.52,0.0
2019-10-21,65,52.0,,0.52,33.800000000000004
2019-10-22,0,52.0,,0.52,0.0
2019-10-23,0,52.0,,0.52,0.0
2019-10-24,0,52.0,,0.52,0.0
2019-10-25,0,52.0,,0.52,0.0
2019-10-26,0,52.0,,0.52,0.0
2019-10-27,0,65.0,False,0.65,0.0
2019-10-28,37,65.0,,0.65,24.05
2019-10-29,45,65.0,,0.65,29.25
2019-10-30,0,65.0,,0.65,0.0
2019-10-31,0,65.0,,0.65,0.0
2019-11-01,61,65.0,,0.65,39.65
2019-11-02,46,65.0,,0.65,29.900000000000002
2019-11-03,47,50.0,False,0.5,23.5
2019-11-04,26,50.0,,0.5,13.0
2019-11-05,52,50.0,,0.5,26.0
2019-11-06,56,50.0,,0.5,28.0
2019-11-07,0,50.0,,0.5,0.0
2019-11-08,48,50.0,,0.5,24.0
2019-11-09,0,50.0,,0.5,0.0
2019-11-10,0,34.0,False,0.34,0.0
2019-11-11,32,34.0,,0.34,10.88
2019-11-12,56,34.0,,0.34,19.040000000000003
2019-11-13,28,34.0,,0.34,9.520000000000001
2019-11-14,0,34.0,,0.34,0.0
2019-11-15,54,34.0,,0.34,18.360000000000003
2019-11-16,0,34.0,,0.34,0.0
2019-11-17,53,51.0,False,0.51,27.03
2019-11-18,0,51.0,,0.51,0.0
2019-11-19,75,51.0,,0.51,38.25
2019-11-20,41,51.0,,0.51,20.91
2019-11-21,100,51.0,,0.51,51.0
2019-11-22,88,51.0,,0.51,44.88
2019-11-23,0,51.0,,0.51,0.0
2019-11-24,0,39.0,False,0.39,0.0
2019-11-25,45,39.0,,0.39,17.55
2019-11-26,32,39.0,,0.39,12.48
2019-11-27,0,39.0,,0.39,0.0
2019-11-28,39,39.0,,0.39,15.21
2019-11-29,60,39.0,,0.39,23.400000000000002
2019-11-30,34,39.0,,0.39,13.26
2019-12-01,0,44.0,False,0.44,0.0
2019-12-02,0,44.0,,0.44,0.0
2019-12-03,17,44.0,,0.44,7.48
2019-12-04,0,44.0,,0.44,0.0
2019-12-05,17,44.0,,0.44,7.48
2019-12-06,0,44.0,,0.44,0.0
2019-12-07,0,44.0,,0.44,0.0
2019-12-08,19,43.0,False,0.43,8.17
2019-12-09,0,43.0,,0.43,0.0
2019-12-10,40,43.0,,0.43,17.2
2019-12-11,29,43.0,,0.43,12.47
2019-12-12,37,43.0,,0.43,15.91
2019-12-13,0,43.0,,0.43,0.0
2019-12-14,30,43.0,,0.43,12.9
2019-12-15,0,37.0,False,0.37,0.0
2019-12-16,43,37.0,,0.37,15.91
2019-12-17,17,37.0,,0.37,6.29
2019-12-18,0,37.0,,0.37,0.0
2019-12-19,0,37.0,,0.37,0.0
2019-12-20,35,37.0,,0.37,12.95
2019-12-21,0,37.0,,0.37,0.0
2019-12-22,100,21.0,False,0.21,21.0
2019-12-23,0,21.0,,0.21,0.0
2019-12-24,0,21.0,,0.21,0.0
2019-12-25,0,21.0,,0.21,0.0
2019-12-26,0,21.0,,0.21,0.0
2019-12-27,0,21.0,,0.21,0.0
2019-12-28,0,21.0,,0.21,0.0
2019-12-29,80,0.0,False,0.0,0.0
2019-12-30,29,0.0,,0.0,0.0
2019-12-31,36,0.0,,0.0,0.0
2020-01-01,41,0.0,,0.0,0.0
2020-01-02,47,0.0,,0.0,0.0
2020-01-03,0,0.0,,0.0,0.0
2020-01-04,0,0.0,,0.0,0.0
2020-01-05,0,12.0,False,0.12,0.0
2020-01-06,0,12.0,,0.12,0.0
2020-01-07,0,12.0,,0.12,0.0
2020-01-08,79,12.0,,0.12,9.48
2020-01-09,0,12.0,,0.12,0.0
2020-01-10,94,12.0,,0.12,11.28
2020-01-11,0,12.0,,0.12,0.0
2020-01-12,0,31.0,False,0.31,0.0
2020-01-13,74,31.0,,0.31,22.94
2020-01-14,0,31.0,,0.31,0.0
2020-01-15,0,31.0,,0.31,0.0
2020-01-16,0,31.0,,0.31,0.0
2020-01-17,100,31.0,,0.31,31.0
2020-01-18,39,31.0,,0.31,12.09
2020-01-19,0,44.0,False,0.44,0.0
2020-01-20,39,44.0,,0.44,17.16
2020-01-21,52,44.0,,0.44,22.88
2020-01-22,0,44.0,,0.44,0.0
2020-01-23,64,44.0,,0.44,28.16
2020-01-24,0,44.0,,0.44,0.0
2020-01-25,44,44.0,,0.44,19.36
2020-01-26,0,48.0,False,0.48,0.0
2020-01-27,51,48.0,,0.48,24.48
2020-01-28,75,48.0,,0.48,36.0
2020-01-29,0,48.0,,0.48,0.0
2020-01-30,80,48.0,,0.48,38.4
2020-01-31,31,48.0,,0.48,14.879999999999999
2020-02-01,0,48.0,,0.48,0.0
2020-02-02,22,53.0,False,0.53,11.66
2020-02-03,0,53.0,,0.53,0.0
2020-02-04,25,53.0,,0.53,13.25
2020-02-05,17,53.0,,0.53,9.01
2020-02-06,17,53.0,,0.53,9.01
2020-02-07,24,53.0,,0.53,12.72
2020-02-08,0,53.0,,0.53,0.0
2020-02-09,36,32.0,False,0.32,11.52
2020-02-10,0,32.0,,0.32,0.0
2020-02-11,24,32.0,,0.32,7.68
2020-02-12,31,32.0,,0.32,9.92
2020-02-13,26,32.0,,0.32,8.32
2020-02-14,29,32.0,,0.32,9.28
2020-02-15,22,32.0,,0.32,7.04
2020-02-16,0,48.0,False,0.48,0.0
2020-02-17,17,48.0,,0.48,8.16
2020-02-18,25,48.0,,0.48,12.0
2020-02-19,52,48.0,,0.48,24.96
2020-02-20,28,48.0,,0.48,13.44
2020-02-21,33,48.0,,0.48,15.84
2020-02-22,41,48.0,,0.48,19.68
2020-02-23,0,37.0,False,0.37,0.0
2020-02-24,25,37.0,,0.37,9.25
2020-02-25,54,37.0,,0.37,19.98
2020-02-26,24,37.0,,0.37,8.879999999999999
2020-02-27,21,37.0,,0.37,7.77
2020-02-28,100,37.0,,0.37,37.0
2020-02-29,0,37.0,,0.37,0.0
2020-03-01,0,36.0,False,0.36,0.0
2020-03-02,100,36.0,,0.36,36.0
2020-03-03,58,36.0,,0.36,20.88
2020-03-04,85,36.0,,0.36,30.599999999999998
2020-03-05,0,36.0,,0.36,0.0
2020-03-06,0,36.0,,0.36,0.0
2020-03-07,0,36.0,,0.36,0.0
2020-03-08,0,37.0,False,0.37,0.0
2020-03-09,0,37.0,,0.37,0.0
2020-03-10,95,37.0,,0.37,35.15
2020-03-11,88,37.0,,0.37,32.56
2020-03-12,0,37.0,,0.37,0.0
2020-03-13,61,37.0,,0.37,22.57
2020-03-14,0,37.0,,0.37,0.0
2020-03-15,0,33.0,False,0.33,0.0
2020-03-16,0,33.0,,0.33,0.0
2020-03-17,49,33.0,,0.33,16.17
2020-03-18,68,33.0,,0.33,22.44
2020-03-19,0,33.0,,0.33,0.0
2020-03-20,0,33.0,,0.33,0.0
2020-03-21,0,33.0,,0.33,0.0
2020-03-22,0,36.0,False,0.36,0.0
2020-03-23,100,36.0,,0.36,36.0
2020-03-24,44,36.0,,0.36,15.84
2020-03-25,0,36.0,,0.36,0.0
2020-03-26,0,36.0,,0.36,0.0
2020-03-27,42,36.0,,0.36,15.12
2020-03-28,39,36.0,,0.36,14.04
2020-03-29,41,27.0,False,0.27,11.07
2020-03-30,0,27.0,,0.27,0.0
2020-03-31,0,27.0,,0.27,0.0
2020-04-01,79,27.0,,0.27,21.330000000000002
2020-04-02,0,27.0,,0.27,0.0
2020-04-03,0,27.0,,0.27,0.0
2020-04-04,0,27.0,,0.27,0.0
2020-04-05,0,28.0,False,0.28,0.0
2020-04-06,58,28.0,,0.28,16.240000000000002
2020-04-07,33,28.0,,0.28,9.24
2020-04-08,0,28.0,,0.28,0.0
2020-04-09,18,28.0,,0.28,5.040000000000001
2020-04-10,0,28.0,,0.28,0.0
2020-04-11,34,28.0,,0.28,9.520000000000001
2020-04-12,21,28.0,False,0.28,5.880000000000001
2020-04-13,30,28.0,,0.28,8.4
2020-04-14,0,28.0,,0.28,0.0
2020-04-15,0,28.0,,0.28,0.0
2020-04-16,0,28.0,,0.28,0.0
2020-04-17,0,28.0,,0.28,0.0
2020-04-18,0,28.0,,0.28,0.0
2020-04-19,0,41.0,False,0.41,0.0
2020-04-20,76,41.0,,0.41,31.159999999999997
2020-04-21,0,41.0,,0.41,0.0
2020-04-22,84,41.0,,0.41,34.44
2020-04-23,0,41.0,,0.41,0.0
2020-04-24,0,41.0,,0.41,0.0
2020-04-25,0,41.0,,0.41,0.0
2020-04-26,0,59.0,False,0.59,0.0
2020-04-27,23,59.0,,0.59,13.569999999999999
2020-04-28,28,59.0,,0.59,16.52
2020-04-29,100,59.0,,0.59,59.0
2020-04-30,24,59.0,,0.59,14.16
2020-05-01,66,59.0,,0.59,38.94
2020-05-02,77,59.0,,0.59,45.43
2020-05-03,0,42.0,False,0.42,0.0
2020-05-04,0,42.0,,0.42,0.0
2020-05-05,35,42.0,,0.42,14.7
2020-05-06,0,42.0,,0.42,0.0
2020-05-07,55,42.0,,0.42,23.099999999999998
2020-05-08,0,42.0,,0.42,0.0
2020-05-09,0,42.0,,0.42,0.0
2020-05-10,0,40.0,False,0.4,0.0
2020-05-11,59,40.0,,0.4,23.6
2020-05-12,41,40.0,,0.4,16.400000000000002
2020-05-13,34,40.0,,0.4,13.600000000000001
2020-05-14,32,40.0,,0.4,12.8
2020-05-15,0,40.0,,0.4,0.0
2020-05-16,0,40.0,,0.4,0.0
2020-05-17,32,36.0,False,0.36,11.52
2020-05-18,0,36.0,,0.36,0.0
2020-05-19,79,36.0,,0.36,28.439999999999998
2020-05-20,0,36.0,,0.36,0.0
2020-05-21,0,36.0,,0.36,0.0
2020-05-22,0,36.0,,0.36,0.0
2020-05-23,56,36.0,,0.36,20.16
2020-05-24,40,28.0,False,0.28,11.200000000000001
2020-05-25,100,28.0,,0.28,28.000000000000004
2020-05-26,42,28.0,,0.28,11.760000000000002
2020-05-27,26,28.0,,0.28,7.280000000000001
2020-05-28,43,28.0,,0.28,12.040000000000001
2020-05-29,41,28.0,,0.28,11.48
2020-05-30,0,28.0,,0.28,0.0
2020-05-31,38,31.0,False,0.31,11.78
2020-06-01,0,31.0,,0.31,0.0
2020-06-02,0,31.0,,0.31,0.0
2020-06-03,0,31.0,,0.31,0.0
2020-06-04,100,31.0,,0.31,31.0
2020-06-05,0,31.0,,0.31,0.0
2020-06-06,34,31.0,,0.31,10.54
2020-06-07,0,35.0,False,0.35,0.0
2020-06-08,93,35.0,,0.35,32.55
2020-06-09,42,35.0,,0.35,14.7
2020-06-10,0,35.0,,0.35,0.0
2020-06-11,69,35.0,,0.35,24.15
2020-06-12,52,35.0,,0.35,18.2
2020-06-13,0,35.0,,0.35,0.0
2020-06-14,0,26.0,False,0.26,0.0
2020-06-15,0,26.0,,0.26,0.0
2020-06-16,0,26.0,,0.26,0.0
2020-06-17,55,26.0,,0.26,14.3
2020-06-18,35,26.0,,0.26,9.1
2020-06-19,63,26.0,,0.26,16.38
2020-06-20,0,26.0,,0.26,0.0
2020-06-21,75,41.0,False,0.41,30.749999999999996
2020-06-22,0,41.0,,0.41,0.0
2020-06-23,46,41.0,,0.41,18.86
2020-06-24,73,41.0,,0.41,29.93
2020-06-25,41,41.0,,0.41,16.81
2020-06-26,62,41.0,,0.41,25.419999999999998
2020-06-27,52,41.0,,0.41,21.32
2020-06-28,57,32.0,False,0.32,18.240000000000002
2020-06-29,0,32.0,,0.32,0.0
2020-06-30,75,32.0,,0.32,24.0
2020-07-01,0,32.0,,0.32,0.0
2020-07-02,19,32.0,,0.32,6.08
2020-07-03,28,32.0,,0.32,8.96
2020-07-04,0,32.0,,0.32,0.0
2020-07-05,0,32.0,False,0.32,0.0
2020-07-06,0,32.0,,0.32,0.0
2020-07-07,25,32.0,,0.32,8.0
2020-07-08,0,32.0,,0.32,0.0
2020-07-09,36,32.0,,0.32,11.52
2020-07-10,24,32.0,,0.32,7.68
2020-07-11,0,32.0,,0.32,0.0
2020-07-12,31,55.0,False,0.55,17.05
2020-07-13,37,55.0,,0.55,20.35
2020-07-14,30,55.0,,0.55,16.5
2020-07-15,0,55.0,,0.55,0.0
2020-07-16,0,55.0,,0.55,0.0
2020-07-17,18,55.0,,0.55,9.9
2020-07-18,36,55.0,,0.55,19.8
2020-07-19,0,32.0,False,0.32,0.0
2020-07-20,0,32.0,,0.32,0.0
2020-07-21,0,32.0,,0.32,0.0
2020-07-22,43,32.0,,0.32,13.76
2020-07-23,24,32.0,,0.32,7.68
2020-07-24,0,32.0,,0.32,0.0
2020-07-25,0,32.0,,0.32,0.0
2020-07-26,0,26.0,False,0.26,0.0
2020-07-27,32,26.0,,0.26,8.32
2020-07-28,38,26.0,,0.26,9.88
2020-07-29,0,26.0,,0.26,0.0
2020-07-30,100,26.0,,0.26,26.0
2020-07-31,0,26.0,,0.26,0.0
2020-08-01,37,26.0,,0.26,9.620000000000001
2020-08-02,46,33.0,False,0.33,15.180000000000001
2020-08-03,53,33.0,,0.33,17.490000000000002
2020-08-04,32,33.0,,0.33,10.56
2020-08-05,0,33.0,,0.33,0.0
2020-08-06,0,33.0,,0.33,0.0
2020-08-07,0,33.0,,0.33,0.0
2020-08-08,0,33.0,,0.33,0.0
2020-08-09,0,50.0,False,0.5,0.0
2020-08-10,76,50.0,,0.5,38.0
2020-08-11,0,50.0,,0.5,0.0
2020-08-12,0,50.0,,0.5,0.0
2020-08-13,35,50.0,,0.5,17.5
2020-08-14,56,50.0,,0.5,28.0
2020-08-15,0,50.0,,0.5,0.0
2020-08-16,100,66.0,False,0.66,66.0
2020-08-17,43,66.0,,0.66,28.380000000000003
2020-08-18,0,66.0,,0.66,0.0
2020-08-19,34,66.0,,0.66,22.44
2020-08-20,60,66.0,,0.66,39.6
2020-08-21,28,66.0,,0.66,18.48
2020-08-22,39,66.0,,0.66,25.740000000000002
2020-08-23,47,55.0,False,0.55,25.85
2020-08-24,24,55.0,,0.55,13.200000000000001
2020-08-25,77,55.0,,0.55,42.35
2020-08-26,26,55.0,,0.55,14.3
2020-08-27,0,55.0,,0.55,0.0
2020-08-28,34,55.0,,0.55,18.700000000000003
2020-08-29,0,55.0,,0.55,0.0
2020-08-30,0,100.0,False,1.0,0.0
2020-08-31,72,100.0,,1.0,72.0
2020-09-01,78,100.0,,1.0,78.0
2020-09-02,52,100.0,,1.0,52.0
2020-09-03,42,100.0,,1.0,42.0
2020-09-04,100,100.0,,1.0,100.0
2020-09-05,27,100.0,,1.0,27.0
2020-09-06,32,49.0,False,0.49,15.68
2020-09-07,21,49.0,,0.49,10.29
2020-09-08,25,49.0,,0.49,12.25
2020-09-09,18,49.0,,0.49,8.82
2020-09-10,43,49.0,,0.49,21.07
2020-09-11,19,49.0,,0.49,9.31
2020-09-12,45,49.0,,0.49,22.05
2020-09-13,0,43.0,False,0.43,0.0
2020-09-14,0,43.0,,0.43,0.0
2020-09-15,30,43.0,,0.43,12.9
2020-09-16,0,43.0,,0.43,0.0
2020-09-17,0,43.0,,0.43,0.0
2020-09-18,38,43.0,,0.43,16.34
2020-09-19,0,43.0,,0.43,0.0
2020-09-20,0,65.0,False,0.65,0.0
2020-09-21,35,65.0,,0.65,22.75
2020-09-22,24,65.0,,0.65,15.600000000000001
2020-09-23,21,65.0,,0.65,13.65
2020-09-24,26,65.0,,0.65,16.900000000000002
2020-09-25,58,65.0,,0.65,37.7
2020-09-26,0,65.0,,0.65,0.0
2020-09-27,42,46.0,False,0.46,19.32
2020-09-28,28,46.0,,0.46,12.88
2020-09-29,53,46.0,,0.46,24.380000000000003
2020-09-30,0,46.0,,0.46,0.0
2020-10-01,0,46.0,,0.46,0.0
2020-10-02,59,46.0,,0.46,27.14
2020-10-03,79,46.0,,0.46,36.34
2020-10-04,33,59.0,False,0.59,19.47
2020-10-05,18,59.0,,0.59,10.62
2020-10-06,60,59.0,,0.59,35.4
2020-10-07,0,59.0,,0.59,0.0
2020-10-08,25,59.0,,0.59,14.75
2020-10-09,92,59.0,,0.59,54.279999999999994
2020-10-10,0,59.0,,0.59,0.0
2020-10-11,0,44.0,False,0.44,0.0
2020-10-12,72,44.0,,0.44,31.68
2020-10-13,34,44.0,,0.44,14.96
2020-10-14,0,44.0,,0.44,0.0
2020-10-15,21,44.0,,0.44,9.24
2020-10-16,60,44.0,,0.44,26.4
2020-10-17,63,44.0,,0.44,27.72
2020-10-18,0,42.0,False,0.42,0.0
2020-10-19,26,42.0,,0.42,10.92
2020-10-20,0,42.0,,0.42,0.0
2020-10-21,63,42.0,,0.42,26.459999999999997
2020-10-22,28,42.0,,0.42,11.76
2020-10-23,29,42.0,,0.42,12.18
2020-10-24,100,42.0,,0.42,42.0
2020-10-25,0,47.0,False,0.47,0.0
2020-10-26,23,47.0,,0.47,10.809999999999999
2020-10-27,0,47.0,,0.47,0.0
2020-10-28,0,47.0,,0.47,0.0
2020-10-29,53,47.0,,0.47,24.91
2020-10-30,58,47.0,,0.47,27.259999999999998
2020-10-31,0,47.0,,0.47,0.0
2020-11-01,0,21.0,False,0.21,0.0
2020-11-02,100,21.0,,0.21,21.0
2020-11-03,0,21.0,,0.21,0.0
2020-11-04,0,21.0,,0.21,0.0
2020-11-05,38,21.0,,0.21,7.9799999999999995
2020-11-06,32,21.0,,0.21,6.72
2020-11-07,0,21.0,,0.21,0.0
2020-11-08,0,26.0,False,0.26,0.0
2020-11-09,0,26.0,,0.26,0.0
2020-11-10,0,26.0,,0.26,0.0
2020-11-11,92,26.0,,0.26,23.92
2020-11-12,47,26.0,,0.26,12.22
2020-11-13,0,26.0,,0.26,0.0
2020-11-14,0,26.0,,0.26,0.0
2020-11-15,0,7.0,False,0.07,0.0
2020-11-16,55,7.0,,0.07,3.8500000000000005
2020-11-17,0,7.0,,0.07,0.0
2020-11-18,0,7.0,,0.07,0.0
2020-11-19,0,7.0,,0.07,0.0
2020-11-20,0,7.0,,0.07,0.0
2020-11-21,51,7.0,,0.07,3.5700000000000003
2020-11-22,0,31.0,False,0.31,0.0
2020-11-23,0,31.0,,0.31,0.0
2020-11-24,40,31.0,,0.31,12.4
2020-11-25,72,31.0,,0.31,22.32
2020-11-26,52,31.0,,0.31,16.12
2020-11-27,34,31.0,,0.31,10.54
2020-11-28,0,31.0,,0.31,0.0
2020-11-29,0,33.0,False,0.33,0.0
2020-11-30,0,33.0,,0.33,0.0
2020-12-01,44,33.0,,0.33,14.520000000000001
2020-12-02,19,33.0,,0.33,6.2700000000000005
2020-12-03,21,33.0,,0.33,6.930000000000001
2020-12-04,100,33.0,,0.33,33.0
2020-12-05,0,33.0,,0.33,0.0
2020-12-06,36,35.0,False,0.35,12.6
2020-12-07,0,35.0,,0.35,0.0
2020-12-08,0,35.0,,0.35,0.0
2020-12-09,26,35.0,,0.35,9.1
2020-12-10,0,35.0,,0.35,0.0
2020-12-11,18,35.0,,0.35,6.3
2020-12-12,0,35.0,,0.35,0.0
2020-12-13,0,24.0,False,0.24,0.0
2020-12-14,0,24.0,,0.24,0.0
2020-12-15,0,24.0,,0.24,0.0
2020-12-16,36,24.0,,0.24,8.64
2020-12-17,52,24.0,,0.24,12.48
2020-12-18,40,24.0,,0.24,9.6
2020-12-19,24,24.0,,0.24,5.76
2020-12-20,0,27.0,False,0.27,0.0
2020-12-21,0,27.0,,0.27,0.0
2020-12-22,19,27.0,,0.27,5.130000000000001
2020-12-23,0,27.0,,0.27,0.0
2020-12-24,43,27.0,,0.27,11.610000000000001
2020-12-25,0,27.0,,0.27,0.0
2020-12-26,0,27.0,,0.27,0.0
2020-12-27,0,17.0,False,0.17,0.0
2020-12-28,22,17.0,,0.17,3.74
2020-12-29,19,17.0,,0.17,3.2300000000000004
2020-12-30,18,17.0,,0.17,3.06
2020-12-31,0,17.0,,0.17,0.0
2021-01-01,0,17.0,,0.17,0.0
2021-01-02,65,17.0,,0.17,11.05
2021-01-03,0,38.0,False,0.38,0.0
2021-01-04,79,38.0,,0.38,30.02
2021-01-05,0,38.0,,0.38,0.0
2021-01-06,0,38.0,,0.38,0.0
2021-01-07,43,38.0,,0.38,16.34
2021-01-08,0,38.0,,0.38,0.0
2021-01-09,0,38.0,,0.38,0.0
2021-01-10,0,23.0,False,0.23,0.0
2021-01-11,0,23.0,,0.23,0.0
2021-01-12,41,23.0,,0.23,9.43
2021-01-13,0,23.0,,0.23,0.0
2021-01-14,0,23.0,,0.23,0.0
2021-01-15,0,23.0,,0.23,0.0
2021-01-16,0,23.0,,0.23,0.0
2021-01-17,0,45.0,False,0.45,0.0
2021-01-18,0,45.0,,0.45,0.0
2021-01-19,0,45.0,,0.45,0.0
2021-01-20,46,45.0,,0.45,20.7
2021-01-21,37,45.0,,0.45,16.650000000000002
2021-01-22,0,45.0,,0.45,0.0
2021-01-23,0,45.0,,0.45,0.0
2021-01-24,0,0.0,False,0.0,0.0
2021-01-25,81,0.0,,0.0,0.0
2021-01-26,0,0.0,,0.0,0.0
2021-01-27,37,0.0,,0.0,0.0
2021-01-28,0,0.0,,0.0,0.0
2021-01-29,100,0.0,,0.0,0.0
2021-01-30,0,0.0,,0.0,0.0
2021-01-31,78,43.0,False,0.43,33.54
2021-02-01,63,43.0,,0.43,27.09
2021-02-02,70,43.0,,0.43,30.099999999999998
2021-02-03,0,43.0,,0.43,0.0
2021-02-04,44,43.0,,0.43,18.919999999999998
2021-02-05,0,43.0,,0.43,0.0
2021-02-06,0,43.0,,0.43,0.0
2021-02-07,69,43.0,False,0.43,29.669999999999998
2021-02-08,25,43.0,,0.43,10.75
2021-02-09,58,43.0,,0.43,24.94
2021-02-10,0,43.0,,0.43,0.0
2021-02-11,38,43.0,,0.43,16.34
2021-02-12,0,43.0,,0.43,0.0
2021-02-13,27,43.0,,0.43,11.61
2021-02-14,38,52.0,False,0.52,19.76
2021-02-15,29,52.0,,0.52,15.08
2021-02-16,100,52.0,,0.52,52.0
2021-02-17,0,52.0,,0.52,0.0
2021-02-18,0,52.0,,0.52,0.0
2021-02-19,63,52.0,,0.52,32.76
2021-02-20,45,52.0,,0.52,23.400000000000002
2021-02-21,77,48.0,False,0.48,36.96
2021-02-22,29,48.0,,0.48,13.92
2021-02-23,92,48.0,,0.48,44.16
2021-02-24,49,48.0,,0.48,23.52
2021-02-25,47,48.0,,0.48,22.56
2021-02-26,0,48.0,,0.48,0.0
2021-02-27,0,48.0,,0.48,0.0
2021-02-28,75,37.0,False,0.37,27.75
2021-03-01,0,37.0,,0.37,0.0
2021-03-02,97,37.0,,0.37,35.89
2021-03-03,0,37.0,,0.37,0.0
2021-03-04,0,37.0,,0.37,0.0
2021-03-05,0,37.0,,0.37,0.0
2021-03-06,68,37.0,,0.37,25.16
2021-03-07,29,44.0,False,0.44,12.76
2021-03-08,0,44.0,,0.44,0.0
2021-03-09,55,44.0,,0.44,24.2
2021-03-10,46,44.0,,0.44,20.24
2021-03-11,21,44.0,,0.44,9.24
2021-03-12,0,44.0,,0.44,0.0
2021-03-13,0,44.0,,0.44,0.0
2021-03-14,0,7.0,False,0.07,0.0
2021-03-15,0,7.0,,0.07,0.0
2021-03-16,0,7.0,,0.07,0.0
2021-03-17,20,7.0,,0.07,1.4000000000000001
2021-03-18,0,7.0,,0.07,0.0
2021-03-19,0,7.0,,0.07,0.0
2021-03-20,100,7.0,,0.07,7.000000000000001
2021-03-21,48,35.0,False,0.35,16.799999999999997
2021-03-22,0,35.0,,0.35,0.0
2021-03-23,27,35.0,,0.35,9.45
2021-03-24,0,35.0,,0.35,0.0
2021-03-25,41,35.0,,0.35,14.35
2021-03-26,0,35.0,,0.35,0.0
2021-03-27,0,35.0,,0.35,0.0
2021-03-28,0,39.0,False,0.39,0.0
2021-03-29,0,39.0,,0.39,0.0
2021-03-30,23,39.0,,0.39,8.97
2021-03-31,21,39.0,,0.39,8.19
2021-04-01,0,39.0,,0.39,0.0
2021-04-02,0,39.0,,0.39,0.0
2021-04-03,0,39.0,,0.39,0.0
2021-04-04,0,35.0,False,0.35,0.0
2021-04-05,41,35.0,,0.35,14.35
2021-04-06,0,35.0,,0.35,0.0
2021-04-07,0,35.0,,0.35,0.0
2021-04-08,72,35.0,,0.35,25.2
2021-04-09,29,35.0,,0.35,10.149999999999999
2021-04-10,63,35.0,,0.35,22.049999999999997
2021-04-11,84,43.0,False,0.43,36.12
2021-04-12,64,43.0,,0.43,27.52
2021-04-13,55,43.0,,0.43,23.65
2021-04-14,29,43.0,,0.43,12.47
2021-04-15,62,43.0,,0.43,26.66
2021-04-16,0,43.0,,0.43,0.0
2021-04-17,0,43.0,,0.43,0.0
2021-04-18,43,31.0,False,0.31,13.33
2021-04-19,91,31.0,,0.31,28.21
2021-04-20,0,31.0,,0.31,0.0
2021-04-21,0,31.0,,0.31,0.0
2021-04-22,0,31.0,,0.31,0.0
2021-04-23,57,31.0,,0.31,17.669999999999998
2021-04-24,0,31.0,,0.31,0.0
2021-04-25,96,28.0,False,0.28,26.880000000000003
2021-04-26,45,28.0,,0.28,12.600000000000001
2021-04-27,100,28.0,,0.28,28.000000000000004
2021-04-28,0,28.0,,0.28,0.0
2021-04-29,36,28.0,,0.28,10.080000000000002
2021-04-30,0,28.0,,0.28,0.0
2021-05-01,0,28.0,,0.28,0.0
2021-05-02,0,38.0,False,0.38,0.0
2021-05-03,0,38.0,,0.38,0.0
2021-05-04,0,38.0,,0.38,0.0
2021-05-05,88,38.0,,0.38,33.44
2021-05-06,0,38.0,,0.38,0.0
2021-05-07,0,38.0,,0.38,0.0
2021-05-08,0,38.0,,0.38,0.0
2021-05-09,100,36.0,False,0.36,36.0
2021-05-10,59,36.0,,0.36,21.24
2021-05-11,59,36.0,,0.36,21.24
2021-05-12,0,36.0,,0.36,0.0
2021-05-13,0,36.0,,0.36,0.0
2021-05-14,0,36.0,,0.36,0.0
2021-05-15,0,36.0,,0.36,0.0
2021-05-16,0,26.0,False,0.26,0.0
2021-05-17,54,26.0,,0.26,14.040000000000001
2021-05-18,0,26.0,,0.26,0.0
2021-05-19,0,26.0,,0.26,0.0
2021-05-20,47,26.0,,0.26,12.22
2021-05-21,0,26.0,,0.26,0.0
2021-05-22,55,26.0,,0.26,14.3
2021-05-23,83,24.0,False,0.24,19.919999999999998
2021-05-24,0,24.0,,0.24,0.0
2021-05-25,0,24.0,,0.24,0.0
2021-05-26,0,24.0,,0.24,0.0
2021-05-27,0,24.0,,0.24,0.0
2021-05-28,0,24.0,,0.24,0.0
2021-05-29,0,24.0,,0.24,0.0
2021-05-30,45,33.0,False,0.33,14.850000000000001
2021-05-31,0,33.0,,0.33,0.0
2021-06-01,0,33.0,,0.33,0.0
2021-06-02,0,33.0,,0.33,0.0
2021-06-03,0,33.0,,0.33,0.0
2021-06-04,100,33.0,,0.33,33.0
2021-06-05,41,33.0,,0.33,13.530000000000001
2021-06-06,0,40.0,False,0.4,0.0
2021-06-07,30,40.0,,0.4,12.0
2021-06-08,0,40.0,,0.4,0.0
2021-06-09,0,40.0,,0.4,0.0
2021-06-10,0,40.0,,0.4,0.0
2021-06-11,57,40.0,,0.4,22.8
2021-06-12,27,40.0,,0.4,10.8
2021-06-13,0,23.0,False,0.23,0.0
2021-06-14,0,23.0,,0.23,0.0
2021-06-15,26,23.0,,0.23,5.98
2021-06-16,0,23.0,,0.23,0.0
2021-06-17,30,23.0,,0.23,6.9
2021-06-18,0,23.0,,0.23,0.0
2021-06-19,0,23.0,,0.23,0.0
2021-06-20,0,27.0,False,0.27,0.0
2021-06-21,30,27.0,,0.27,8.100000000000001
2021-06-22,25,27.0,,0.27,6.75
2021-06-23,0,27.0,,0.27,0.0
2021-06-24,0,27.0,,0.27,0.0
2021-06-25,0,27.0,,0.27,0.0
2021-06-26,94,27.0,,0.27,25.380000000000003
2021-06-27,0,18.0,False,0.18,0.0
2021-06-28,19,18.0,,0.18,3.42
2021-06-29,90,18.0,,0.18,16.2
2021-06-30,22,18.0,,0.18,3.96
2021-07-01,72,18.0,,0.18,12.959999999999999
2021-07-02,35,18.0,,0.18,6.3
2021-07-03,0,18.0,,0.18,0.0
2021-07-04,0,36.0,False,0.36,0.0
2021-07-05,0,36.0,,0.36,0.0
2021-07-06,30,36.0,,0.36,10.799999999999999
2021-07-07,0,36.0,,0.36,0.0
2021-07-08,100,36.0,,0.36,36.0
2021-07-09,0,36.0,,0.36,0.0
2021-07-10,59,36.0,,0.36,21.24
2021-07-11,0,30.0,False,0.3,0.0
2021-07-12,0,30.0,,0.3,0.0
2021-07-13,60,30.0,,0.3,18.0
2021-07-14,45,30.0,,0.3,13.5
2021-07-15,0,30.0,,0.3,0.0
2021-07-16,0,30.0,,0.3,0.0
2021-07-17,0,30.0,,0.3,0.0
2021-07-18,51,31.0,False,0.31,15.81
2021-07-19,0,31.0,,0.31,0.0
2021-07-20,0,31.0,,0.31,0.0
2021-07-21,0,31.0,,0.31,0.0
2021-07-22,49,31.0,,0.31,15.19
2021-07-23,49,31.0,,0.31,15.19
2021-07-24,0,31.0,,0.31,0.0
2021-07-25,0,34.0,False,0.34,0.0
2021-07-26,0,34.0,,0.34,0.0
2021-07-27,0,34.0,,0.34,0.0
2021-07-28,69,34.0,,0.34,23.46
2021-07-29,59,34.0,,0.34,20.060000000000002
2021-07-30,0,34.0,,0.34,0.0
2021-07-31,0,34.0,,0.34,0.0
2021-08-01,0,42.0,False,0.42,0.0
2021-08-02,0,42.0,,0.42,0.0
2021-08-03,0,42.0,,0.42,0.0
2021-08-04,29,42.0,,0.42,12.18
2021-08-05,100,42.0,,0.42,42.0
2021-08-06,0,42.0,,0.42,0.0
2021-08-07,42,42.0,,0.42,17.64
2021-08-08,0,38.0,False,0.38,0.0
2021-08-09,0,38.0,,0.38,0.0
2021-08-10,55,38.0,,0.38,20.9
2021-08-11,0,38.0,,0.38,0.0
2021-08-12,0,38.0,,0.38,0.0
2021-08-13,51,38.0,,0.38,19.38
2021-08-14,44,38.0,,0.38,16.72
2021-08-15,0,26.0,False,0.26,0.0
2021-08-16,0,26.0,,0.26,0.0
2021-08-17,33,26.0,,0.26,8.58
2021-08-18,0,26.0,,0.26,0.0
2021-08-19,36,26.0,,0.26,9.36
2021-08-20,25,26.0,,0.26,6.5
2021-08-21,0,26.0,,0.26,0.0
2021-08-22,30,12.0,False,0.12,3.5999999999999996
2021-08-23,0,12.0,,0.12,0.0
2021-08-24,0,12.0,,0.12,0.0
2021-08-25,0,12.0,,0.12,0.0
2021-08-26,0,12.0,,0.12,0.0
2021-08-27,0,12.0,,0.12,0.0
2021-08-28,57,12.0,,0.12,6.84
2021-08-29,0,32.0,False,0.32,0.0
2021-08-30,25,32.0,,0.32,8.0
2021-08-31,98,32.0,,0.32,31.36
2021-09-01,58,32.0,,0.32,18.56
2021-09-02,0,32.0,,0.32,0.0
2021-09-03,0,32.0,,0.32,0.0
2021-09-04,100,32.0,,0.32,32.0
2021-09-05,0,35.0,False,0.35,0.0
2021-09-06,28,35.0,,0.35,9.799999999999999
2021-09-07,0,35.0,,0.35,0.0
2021-09-08,0,35.0,,0.35,0.0
2021-09-09,0,35.0,,0.35,0.0
2021-09-10,0,35.0,,0.35,0.0
2021-09-11,0,35.0,,0.35,0.0
2021-09-12,26,68.0,False,0.68,17.68
2021-09-13,0,68.0,,0.68,0.0
2021-09-14,0,68.0,,0.68,0.0
2021-09-15,42,68.0,,0.68,28.560000000000002
2021-09-16,30,68.0,,0.68,20.400000000000002
2021-09-17,21,68.0,,0.68,14.280000000000001
2021-09-18,41,68.0,,0.68,27.880000000000003
2021-09-19,44,24.0,False,0.24,10.559999999999999
2021-09-20,47,24.0,,0.24,11.28
2021-09-21,27,24.0,,0.24,6.4799999999999995
2021-09-22,0,24.0,,0.24,0.0
2021-09-23,0,24.0,,0.24,0.0
2021-09-24,27,24.0,,0.24,6.4799999999999995
2021-09-25,0,24.0,,0.24,0.0
2021-09-26,0,45.0,False,0.45,0.0
2021-09-27,0,45.0,,0.45,0.0
2021-09-28,49,45.0,,0.45,22.05
2021-09-29,32,45.0,,0.45,14.4
2021-09-30,0,45.0,,0.45,0.0
2021-10-01,0,45.0,,0.45,0.0
2021-10-02,55,45.0,,0.45,24.75
2021-10-03,0,35.0,False,0.35,0.0
2021-10-04,54,35.0,,0.35,18.9
2021-10-05,74,35.0,,0.35,25.9
2021-10-06,34,35.0,,0.35,11.899999999999999
2021-10-07,50,35.0,,0.35,17.5
2021-10-08,0,35.0,,0.35,0.0
2021-10-09,0,35.0,,0.35,0.0
2021-10-10,0,33.0,False,0.33,0.0
2021-10-11,37,33.0,,0.33,12.21
2021-10-12,0,33.0,,0.33,0.0
2021-10-13,0,33.0,,0.33,0.0
2021-10-14,32,33.0,,0.33,10.56
2021-10-15,22,33.0,,0.33,7.260000000000001
2021-10-16,28,33.0,,0.33,9.24
2021-10-17,0,25.0,False,0.25,0.0
2021-10-18,43,25.0,,0.25,10.75
2021-10-19,100,25.0,,0.25,25.0
2021-10-20,0,25.0,,0.25,0.0
2021-10-21,0,25.0,,0.25,0.0
2021-10-22,0,25.0,,0.25,0.0
2021-10-23,72,25.0,,0.25,18.0
2021-10-24,0,32.0,False,0.32,0.0
2021-10-25,32,32.0,,0.32,10.24
2021-10-26,0,32.0,,0.32,0.0
2021-10-27,0,32.0,,0.32,0.0
2021-10-28,80,32.0,,0.32,25.6
2021-10-29,0,32.0,,0.32,0.0
2021-10-30,0,32.0,,0.32,0.0
2021-10-31,0,44.0,False,0.44,0.0
2021-11-01,0,44.0,,0.44,0.0
2021-11-02,0,44.0,,0.44,0.0
2021-11-03,50,44.0,,0.44,22.0
2021-11-04,26,44.0,,0.44,11.44
2021-11-05,100,44.0,,0.44,44.0
2021-11-06,0,44.0,,0.44,0.0
2021-11-07,0,23.0,False,0.23,0.0
2021-11-08,26,23.0,,0.23,5.98
2021-11-09,72,23.0,,0.23,16.560000000000002
2021-11-10,26,23.0,,0.23,5.98
2021-11-11,87,23.0,,0.23,20.01
2021-11-12,0,23.0,,0.23,0.0
2021-11-13,0,23.0,,0.23,0.0
2021-11-14,0,41.0,False,0.41,0.0
2021-11-15,36,41.0,,0.41,14.76
2021-11-16,0,41.0,,0.41,0.0
2021-11-17,0,41.0,,0.41,0.0
2021-11-18,57,41.0,,0.41,23.369999999999997
2021-11-19,0,41.0,,0.41,0.0
2021-11-20,0,41.0,,0.41,0.0
2021-11-21,0,28.0,False,0.28,0.0
2021-11-22,48,28.0,,0.28,13.440000000000001
2021-11-23,51,28.0,,0.28,14.280000000000001
2021-11-24,0,28.0,,0.28,0.0
2021-11-25,0,28.0,,0.28,0.0
2021-11-26,66,28.0,,0.28,18.48
2021-11-27,25,28.0,,0.28,7.000000000000001
2021-11-28,0,53.0,False,0.53,0.0
2021-11-29,63,53.0,,0.53,33.39
2021-11-30,47,53.0,,0.53,24.91
2021-12-01,0,53.0,,0.53,0.0
2021-12-02,0,53.0,,0.53,0.0
2021-12-03,43,53.0,,0.53,22.790000000000003
2021-12-04,0,53.0,,0.53,0.0
2021-12-05,0,38.0,False,0.38,0.0
2021-12-06,25,38.0,,0.38,9.5
2021-12-07,100,38.0,,0.38,38.0
2021-12-08,0,38.0,,0.38,0.0
2021-12-09,27,38.0,,0.38,10.26
2021-12-10,0,38.0,,0.38,0.0
2021-12-11,0,38.0,,0.38,0.0
2021-12-12,22,14.0,False,0.14,3.08
2021-12-13,0,14.0,,0.14,0.0
2021-12-14,0,14.0,,0.14,0.0
2021-12-15,20,14.0,,0.14,2.8000000000000003
2021-12-16,23,14.0,,0.14,3.22
2021-12-17,0,14.0,,0.14,0.0
2021-12-18,0,14.0,,0.14,0.0
2021-12-19,0,13.0,False,0.13,0.0
2021-12-20,0,13.0,,0.13,0.0
2021-12-21,0,13.0,,0.13,0.0
2021-12-22,0,13.0,,0.13,0.0
2021-12-23,0,13.0,,0.13,0.0
2021-12-24,50,13.0,,0.13,6.5
2021-12-25,0,13.0,,0.13,0.0
2021-12-26,0,22.0,False,0.22,0.0
2021-12-27,0,22.0,,0.22,0.0
2021-12-28,0,22.0,,0.22,0.0
2021-12-29,50,22.0,,0.22,11.0
2021-12-30,0,22.0,,0.22,0.0
2021-12-31,0,22.0,,0.22,0.0
2022-01-01,0,22.0,,0.22,0.0
2022-01-02,0,42.0,False,0.42,0.0
2022-01-03,0,42.0,,0.42,0.0
2022-01-04,23,42.0,,0.42,9.66
2022-01-05,37,42.0,,0.42,15.54
2022-01-06,0,42.0,,0.42,0.0
2022-01-07,23,42.0,,0.42,9.66
2022-01-08,0,42.0,,0.42,0.0
2022-01-09,41,53.0,False,0.53,21.73
2022-01-10,30,53.0,,0.53,15.9
2022-01-11,100,53.0,,0.53,53.0
2022-01-12,49,53.0,,0.53,25.970000000000002
2022-01-13,48,53.0,,0.53,25.44
2022-01-14,0,53.0,,0.53,0.0
2022-01-15,0,53.0,,0.53,0.0
2022-01-16,0,58.0,False,0.58,0.0
2022-01-17,49,58.0,,0.58,28.419999999999998
2022-01-18,66,58.0,,0.58,38.279999999999994
2022-01-19,40,58.0,,0.58,23.2
2022-01-20,0,58.0,,0.58,0.0
2022-01-21,0,58.0,,0.58,0.0
2022-01-22,55,58.0,,0.58,31.9
2022-01-23,0,28.0,False,0.28,0.0
2022-01-24,0,28.0,,0.28,0.0
2022-01-25,0,28.0,,0.28,0.0
2022-01-26,0,28.0,,0.28,0.0
2022-01-27,24,28.0,,0.28,6.720000000000001
2022-01-28,0,28.0,,0.28,0.0
2022-01-29,0,28.0,,0.28,0.0
2022-01-30,34,49.0,False,0.49,16.66
2022-01-31,30,49.0,,0.49,14.7
2022-02-01,50,49.0,,0.49,24.5
2022-02-02,0,49.0,,0.49,0.0
2022-02-03,65,49.0,,0.49,31.849999999999998
2022-02-04,0,49.0,,0.49,0.0
2022-02-05,0,49.0,,0.49,0.0
2022-02-06,0,60.0,False,0.6,0.0
2022-02-07,0,60.0,,0.6,0.0
2022-02-08,43,60.0,,0.6,25.8
2022-02-09,100,60.0,,0.6,60.0
2022-02-10,0,60.0,,0.6,0.0
2022-02-11,31,60.0,,0.6,18.599999999999998
2022-02-12,39,60.0,,0.6,23.4
2022-02-13,0,72.0,False,0.72,0.0
2022-02-14,80,72.0,,0.72,57.599999999999994
2022-02-15,29,72.0,,0.72,20.88
2022-02-16,54,72.0,,0.72,38.879999999999995
2022-02-17,40,72.0,,0.72,28.799999999999997
2022-02-18,69,72.0,,0.72,49.68
2022-02-19,0,72.0,,0.72,0.0
2022-02-20,0,58.0,False,0.58,0.0
2022-02-21,29,58.0,,0.58,16.82
2022-02-22,39,58.0,,0.58,22.619999999999997
2022-02-23,70,58.0,,0.58,40.599999999999994
2022-02-24,30,58.0,,0.58,17.4
2022-02-25,0,58.0,,0.58,0.0
2022-02-26,0,58.0,,0.58,0.0
2022-02-27,33,60.0,False,0.6,19.8
2022-02-28,0,60.0,,0.6,0.0
2022-03-01,25,60.0,,0.6,15.0
2022-03-02,44,60.0,,0.6,26.4
2022-03-03,49,60.0,,0.6,29.4
2022-03-04,52,60.0,,0.6,31.2
2022-03-05,36,60.0,,0.6,21.599999999999998
2022-03-06,0,53.0,False,0.53,0.0
2022-03-07,39,53.0,,0.53,20.67
2022-03-08,41,53.0,,0.53,21.73
2022-03-09,26,53.0,,0.53,13.780000000000001
2022-03-10,36,53.0,,0.53,19.080000000000002
2022-03-11,92,53.0,,0.53,48.760000000000005
2022-03-12,0,53.0,,0.53,0.0
2022-03-13,0,49.0,False,0.49,0.0
2022-03-14,43,49.0,,0.49,21.07
2022-03-15,47,49.0,,0.49,23.03
2022-03-16,0,49.0,,0.49,0.0
2022-03-17,0,49.0,,0.49,0.0
2022-03-18,100,49.0,,0.49,49.0
2022-03-19,57,49.0,,0.49,27.93
2022-03-20,42,77.0,False,0.77,32.34
2022-03-21,0,77.0,,0.77,0.0
2022-03-22,55,77.0,,0.77,42.35
2022-03-23,56,77.0,,0.77,43.120000000000005
2022-03-24,65,77.0,,0.77,50.050000000000004
2022-03-25,86,77.0,,0.77,66.22
2022-03-26,0,77.0,,0.77,0.0
2022-03-27,37,57.0,False,0.57,21.09
2022-03-28,40,57.0,,0.57,22.799999999999997
2022-03-29,75,57.0,,0.57,42.74999999999999
2022-03-30,51,57.0,,0.57,29.069999999999997
2022-03-31,45,57.0,,0.57,25.65
2022-04-01,98,57.0,,0.57,55.85999999999999
2022-04-02,0,57.0,,0.57,0.0
2022-04-03,0,52.0,False,0.52,0.0
2022-04-04,75,52.0,,0.52,39.0
2022-04-05,58,52.0,,0.52,30.16
2022-04-06,0,52.0,,0.52,0.0
2022-04-07,89,52.0,,0.52,46.28
2022-04-08,75,52.0,,0.52,39.0
2022-04-09,0,52.0,,0.52,0.0
2022-04-10,0,52.0,False,0.52,0.0
2022-04-11,0,52.0,,0.52,0.0
2022-04-12,42,52.0,,0.52,21.84
2022-04-13,38,52.0,,0.52,19.76
2022-04-14,76,52.0,,0.52,39.52
2022-04-15,57,52.0,,0.52,29.64
2022-04-16,37,52.0,,0.52,19.240000000000002
2022-04-17,70,31.0,False,0.31,21.7
2022-04-18,0,31.0,,0.31,0.0
2022-04-19,0,31.0,,0.31,0.0
2022-04-20,89,31.0,,0.31,27.59
2022-04-21,0,31.0,,0.31,0.0
2022-04-22,0,31.0,,0.31,0.0
2022-04-23,73,31.0,,0.31,22.63
2022-04-24,42,68.0,False,0.68,28.560000000000002
2022-04-25,32,68.0,,0.68,21.76
2022-04-26,24,68.0,,0.68,16.32
2022-04-27,63,68.0,,0.68,42.84
2022-04-28,0,68.0,,0.68,0.0
2022-04-29,100,68.0,,0.68,68.0
2022-04-30,51,68.0,,0.68,34.68
2022-05-01,37,57.0,False,0.57,21.09
2022-05-02,90,57.0,,0.57,51.3
2022-05-03,100,57.0,,0.57,56.99999999999999
2022-05-04,42,57.0,,0.57,23.939999999999998
2022-05-05,41,57.0,,0.57,23.369999999999997
2022-05-06,27,57.0,,0.57,15.389999999999999
2022-05-07,0,57.0,,0.57,0.0
2022-05-08,30,83.0,False,0.83,24.9
2022-05-09,93,83.0,,0.83,77.19
2022-05-10,36,83.0,,0.83,29.88
2022-05-11,52,83.0,,0.83,43.16
2022-05-12,50,83.0,,0.83,41.5
2022-05-13,82,83.0,,0.83,68.06
2022-05-14,0,83.0,,0.83,0.0
2022-05-15,0,38.0,False,0.38,0.0
2022-05-16,0,38.0,,0.38,0.0
2022-05-17,0,38.0,,0.38,0.0
2022-05-18,54,38.0,,0.38,20.52
2022-05-19,39,38.0,,0.38,14.82
2022-05-20,28,38.0,,0.38,10.64
2022-05-21,55,38.0,,0.38,20.9
2022-05-22,0,23.0,False,0.23,0.0
2022-05-23,0,23.0,,0.23,0.0
2022-05-24,0,23.0,,0.23,0.0
2022-05-25,54,23.0,,0.23,12.42
2022-05-26,0,23.0,,0.23,0.0
2022-05-27,35,23.0,,0.23,8.05
2022-05-28,0,23.0,,0.23,0.0
2022-05-29,0,16.0,False,0.16,0.0
2022-05-30,0,16.0,,0.16,0.0
2022-05-31,0,16.0,,0.16,0.0
2022-06-01,66,16.0,,0.16,10.56
2022-06-02,41,16.0,,0.16,6.5600000000000005
2022-06-03,49,16.0,,0.16,7.84
2022-06-04,0,16.0,,0.16,0.0
2022-06-05,51,58.0,False,0.58,29.58
2022-06-06,92,58.0,,0.58,53.36
2022-06-07,38,58.0,,0.58,22.04
2022-06-08,0,58.0,,0.58,0.0
2022-06-09,66,58.0,,0.58,38.279999999999994
2022-06-10,0,58.0,,0.58,0.0
2022-06-11,0,58.0,,0.58,0.0
2022-06-12,0,50.0,False,0.5,0.0
2022-06-13,41,50.0,,0.5,20.5
2022-06-14,78,50.0,,0.5,39.0
2022-06-15,0,50.0,,0.5,0.0
2022-06-16,0,50.0,,0.5,0.0
2022-06-17,73,50.0,,0.5,36.5
2022-06-18,0,50.0,,0.5,0.0
2022-06-19,58,61.0,False,0.61,35.38
2022-06-20,67,61.0,,0.61,40.87
2022-06-21,64,61.0,,0.61,39.04
2022-06-22,43,61.0,,0.61,26.23
2022-06-23,85,61.0,,0.61,51.85
2022-06-24,77,61.0,,0.61,46.97
2022-06-25,0,61.0,,0.61,0.0
2022-06-26,0,61.0,False,0.61,0.0
2022-06-27,27,61.0,,0.61,16.47
2022-06-28,100,61.0,,0.61,61.0
2022-06-29,60,61.0,,0.61,36.6
2022-06-30,0,61.0,,0.61,0.0
2022-07-01,75,61.0,,0.61,45.75
2022-07-02,0,61.0,,0.61,0.0
2022-07-03,0,29.0,False,0.29,0.0
2022-07-04,0,29.0,,0.29,0.0
2022-07-05,0,29.0,,0.29,0.0
2022-07-06,58,29.0,,0.29,16.82
2022-07-07,0,29.0,,0.29,0.0
2022-07-08,0,29.0,,0.29,0.0
2022-07-09,0,29.0,,0.29,0.0
2022-07-10,52,37.0,False,0.37,19.24
2022-07-11,72,37.0,,0.37,26.64
2022-07-12,59,37.0,,0.37,21.83
2022-07-13,0,37.0,,0.37,0.0
2022-07-14,0,37.0,,0.37,0.0
2022-07-15,55,37.0,,0.37,20.35
2022-07-16,59,37.0,,0.37,21.83
2022-07-17,64,55.0,False,0.55,35.2
2022-07-18,100,55.0,,0.55,55.00000000000001
2022-07-19,68,55.0,,0.55,37.400000000000006
2022-07-20,0,55.0,,0.55,0.0
2022-07-21,40,55.0,,0.55,22.0
2022-07-22,59,55.0,,0.55,32.45
2022-07-23,0,55.0,,0.55,0.0
2022-07-24,0,40.0,False,0.4,0.0
2022-07-25,56,40.0,,0.4,22.400000000000002
2022-07-26,69,40.0,,0.4,27.6
2022-07-27,86,40.0,,0.4,34.4
2022-07-28,64,40.0,,0.4,25.6
2022-07-29,0,40.0,,0.4,0.0
2022-07-30,0,40.0,,0.4,0.0
2022-07-31,0,31.0,False,0.31,0.0
2022-08-01,0,31.0,,0.31,0.0
2022-08-02,0,31.0,,0.31,0.0
2022-08-03,0,31.0,,0.31,0.0
2022-08-04,0,31.0,,0.31,0.0
2022-08-05,0,31.0,,0.31,0.0
2022-08-06,44,31.0,,0.31,13.64
2022-08-07,0,50.0,False,0.5,0.0
2022-08-08,0,50.0,,0.5,0.0
2022-08-09,74,50.0,,0.5,37.0
2022-08-10,0,50.0,,0.5,0.0
2022-08-11,54,50.0,,0.5,27.0
2022-08-12,0,50.0,,0.5,0.0
2022-08-13,0,50.0,,0.5,0.0
2022-08-14,0,48.0,False,0.48,0.0
2022-08-15,84,48.0,,0.48,40.32
2022-08-16,0,48.0,,0.48,0.0
2022-08-17,0,48.0,,0.48,0.0
2022-08-18,0,48.0,,0.48,0.0
2022-08-19,52,48.0,,0.48,24.96
2022-08-20,36,48.0,,0.48,17.28
2022-08-21,77,64.0,False,0.64,49.28
2022-08-22,49,64.0,,0.64,31.36
2022-08-23,85,64.0,,0.64,54.4
2022-08-24,0,64.0,,0.64,0.0
2022-08-25,0,64.0,,0.64,0.0
2022-08-26,100,64.0,,0.64,64.0
2022-08-27,0,64.0,,0.64,0.0
2022-08-28,0,32.0,False,0.32,0.0
2022-08-29,57,32.0,,0.32,18.240000000000002
2022-08-30,51,32.0,,0.32,16.32
2022-08-31,0,32.0,,0.32,0.0
2022-09-01,0,32.0,,0.32,0.0
2022-09-02,62,32.0,,0.32,19.84
2022-09-03,0,32.0,,0.32,0.0
2022-09-04,0,42.0,False,0.42,0.0
2022-09-05,0,42.0,,0.42,0.0
2022-09-06,0,42.0,,0.42,0.0
2022-09-07,52,42.0,,0.42,21.84
2022-09-08,100,42.0,,0.42,42.0
2022-09-09,0,42.0,,0.42,0.0
2022-09-10,0,42.0,,0.42,0.0
2022-09-11,0,54.0,False,0.54,0.0
2022-09-12,82,54.0,,0.54,44.28
2022-09-13,41,54.0,,0.54,22.14
2022-09-14,0,54.0,,0.54,0.0
2022-09-15,56,54.0,,0.54,30.240000000000002
2022-09-16,0,54.0,,0.54,0.0
2022-09-17,0,54.0,,0.54,0.0
2022-09-18,0,44.0,False,0.44,0.0
2022-09-19,85,44.0,,0.44,37.4
2022-09-20,73,44.0,,0.44,32.12
2022-09-21,0,44.0,,0.44,0.0
2022-09-22,0,44.0,,0.44,0.0
2022-09-23,0,44.0,,0.44,0.0
2022-09-24,0,44.0,,0.44,0.0
2022-09-25,88,56.0,False,0.56,49.28
2022-09-26,83,56.0,,0.56,46.480000000000004
2022-09-27,62,56.0,,0.56,34.720000000000006
2022-09-28,45,56.0,,0.56,25.200000000000003
2022-09-29,0,56.0,,0.56,0.0
2022-09-30,0,56.0,,0.56,0.0
2022-10-01,0,56.0,,0.56,0.0
2022-10-02,0,34.0,False,0.34,0.0
2022-10-03,100,34.0,,0.34,34.0
2022-10-04,82,34.0,,0.34,27.880000000000003
2022-10-05,69,34.0,,0.34,23.46
2022-10-06,82,34.0,,0.34,27.880000000000003
2022-10-07,32,34.0,,0.34,10.88
2022-10-08,0,34.0,,0.34,0.0
2022-10-09,0,36.0,False,0.36,0.0
2022-10-10,0,36.0,,0.36,0.0
2022-10-11,51,36.0,,0.36,18.36
2022-10-12,0,36.0,,0.36,0.0
2022-10-13,0,36.0,,0.36,0.0
2022-10-14,0,36.0,,0.36,0.0
2022-10-15,0,36.0,,0.36,0.0
2022-10-16,0,49.0,False,0.49,0.0
2022-10-17,0,49.0,,0.49,0.0
2022-10-18,0,49.0,,0.49,0.0
2022-10-19,0,49.0,,0.49,0.0
2022-10-20,78,49.0,,0.49,38.22
2022-10-21,46,49.0,,0.49,22.54
2022-10-22,0,49.0,,0.49,0.0
2022-10-23,39,38.0,False,0.38,14.82
2022-10-24,79,38.0,,0.38,30.02
2022-10-25,0,38.0,,0.38,0.0
2022-10-26,49,38.0,,0.38,18.62
2022-10-27,0,38.0,,0.38,0.0
2022-10-28,0,38.0,,0.38,0.0
2022-10-29,0,38.0,,0.38,0.0
2022-10-30,66,58.0,False,0.58,38.279999999999994
2022-10-31,0,58.0,,0.58,0.0
2022-11-01,66,58.0,,0.58,38.279999999999994
2022-11-02,33,58.0,,0.58,19.139999999999997
2022-11-03,0,58.0,,0.58,0.0
2022-11-04,0,58.0,,0.58,0.0
2022-11-05,0,58.0,,0.58,0.0
2022-11-06,63,55.0,False,0.55,34.650000000000006
2022-11-07,0,55.0,,0.55,0.0
2022-11-08,63,55.0,,0.55,34.650000000000006
2022-11-09,50,55.0,,0.55,27.500000000000004
2022-11-10,52,55.0,,0.55,28.6
2022-11-11,28,55.0,,0.55,15.400000000000002
2022-11-12,0,55.0,,0.55,0.0
2022-11-13,0,41.0,False,0.41,0.0
2022-11-14,32,41.0,,0.41,13.12
2022-11-15,36,41.0,,0.41,14.76
2022-11-16,0,41.0,,0.41,0.0
2022-11-17,100,41.0,,0.41,41.0
2022-11-18,54,41.0,,0.41,22.139999999999997
2022-11-19,0,41.0,,0.41,0.0
2022-11-20,0,49.0,False,0.49,0.0
2022-11-21,0,49.0,,0.49,0.0
2022-11-22,55,49.0,,0.49,26.95
2022-11-23,70,49.0,,0.49,34.3
2022-11-24,0,49.0,,0.49,0.0
2022-11-25,31,49.0,,0.49,15.19
2022-11-26,0,49.0,,0.49,0.0
2022-11-27,35,55.0,False,0.55,19.25
2022-11-28,55,55.0,,0.55,30.250000000000004
2022-11-29,33,55.0,,0.55,18.150000000000002
2022-11-30,36,55.0,,0.55,19.8
2022-12-01,47,55.0,,0.55,25.85
2022-12-02,0,55.0,,0.55,0.0
2022-12-03,14,55.0,,0.55,7.700000000000001
2022-12-04,42,35.0,False,0.35,14.7
2022-12-05,13,35.0,,0.35,4.55
2022-12-06,16,35.0,,0.35,5.6
2022-12-07,0,35.0,,0.35,0.0
2022-12-08,0,35.0,,0.35,0.0
2022-12-09,0,35.0,,0.35,0.0
2022-12-10,0,35.0,,0.35,0.0
2022-12-11,17,46.0,False,0.46,7.82
2022-12-12,29,46.0,,0.46,13.34
2022-12-13,0,46.0,,0.46,0.0
2022-12-14,24,46.0,,0.46,11.040000000000001
2022-12-15,100,46.0,,0.46,46.0
2022-12-16,0,46.0,,0.46,0.0
2022-12-17,28,46.0,,0.46,12.88
2022-12-18,0,21.0,False,0.21,0.0
2022-12-19,0,21.0,,0.21,0.0
2022-12-20,19,21.0,,0.21,3.9899999999999998
2022-12-21,18,21.0,,0.21,3.78
2022-12-22,19,21.0,,0.21,3.9899999999999998
2022-12-23,0,21.0,,0.21,0.0
2022-12-24,0,21.0,,0.21,0.0
2022-12-25,0,20.0,False,0.2,0.0
2022-12-26,0,20.0,,0.2,0.0
2022-12-27,0,20.0,,0.2,0.0
2022-12-28,43,20.0,,0.2,8.6
2022-12-29,0,20.0,,0.2,0.0
2022-12-30,0,20.0,,0.2,0.0
2022-12-31,0,20.0,,0.2,0.0
2023-01-01,20,38.0,False,0.38,7.6
2023-01-02,0,38.0,,0.38,0.0
2023-01-03,0,38.0,,0.38,0.0
2023-01-04,33,38.0,,0.38,12.540000000000001
2023-01-05,19,38.0,,0.38,7.22
2023-01-06,0,38.0,,0.38,0.0
2023-01-07,28,38.0,,0.38,10.64
2023-01-08,0,25.0,False,0.25,0.0
2023-01-09,0,25.0,,0.25,0.0
2023-01-10,94,25.0,,0.25,23.5
2023-01-11,20,25.0,,0.25,5.0
2023-01-12,0,25.0,,0.25,0.0
2023-01-13,22,25.0,,0.25,5.5
2023-01-14,0,25.0,,0.25,0.0
2023-01-15,19,30.0,False,0.3,5.7
2023-01-16,0,30.0,,0.3,0.0
2023-01-17,46,30.0,,0.3,13.799999999999999
2023-01-18,100,30.0,,0.3,30.0
2023-01-19,0,30.0,,0.3,0.0
2023-01-20,28,30.0,,0.3,8.4
2023-01-21,0,30.0,,0.3,0.0
2023-01-22,20,48.0,False,0.48,9.6
2023-01-23,48,48.0,,0.48,23.04
2023-01-24,0,48.0,,0.48,0.0
2023-01-25,25,48.0,,0.48,12.0
2023-01-26,31,48.0,,0.48,14.879999999999999
2023-01-27,0,48.0,,0.48,0.0
2023-01-28,33,48.0,,0.48,15.84
2023-01-29,18,43.0,False,0.43,7.74
2023-01-30,16,43.0,,0.43,6.88
2023-01-31,0,43.0,,0.43,0.0
2023-02-01,31,43.0,,0.43,13.33
2023-02-02,100,43.0,,0.43,43.0
2023-02-03,35,43.0,,0.43,15.049999999999999
2023-02-04,41,43.0,,0.43,17.63
2023-02-05,0,34.0,False,0.34,0.0
2023-02-06,23,34.0,,0.34,7.82
2023-02-07,100,34.0,,0.34,34.0
2023-02-08,0,34.0,,0.34,0.0
2023-02-09,26,34.0,,0.34,8.84
2023-02-10,0,34.0,,0.34,0.0
2023-02-11,83,34.0,,0.34,28.220000000000002
2023-02-12,45,39.0,False,0.39,17.55
2023-02-13,57,39.0,,0.39,22.23
2023-02-14,0,39.0,,0.39,0.0
2023-02-15,34,39.0,,0.39,13.26
2023-02-16,0,39.0,,0.39,0.0
2023-02-17,56,39.0,,0.39,21.84
2023-02-18,64,39.0,,0.39,24.96
2023-02-19,0,36.0,False,0.36,0.0
2023-02-20,34,36.0,,0.36,12.24
2023-02-21,70,36.0,,0.36,25.2
2023-02-22,44,36.0,,0.36,15.84
2023-02-23,50,36.0,,0.36,18.0
2023-02-24,0,36.0,,0.36,0.0
2023-02-25,0,36.0,,0.36,0.0
2023-02-26,33,39.0,False,0.39,12.870000000000001
2023-02-27,49,39.0,,0.39,19.11
2023-02-28,52,39.0,,0.39,20.28
2023-03-01,13,39.0,,0.39,5.07
2023-03-02,0,39.0,,0.39,0.0
2023-03-03,39,39.0,,0.39,15.21
2023-03-04,100,39.0,,0.39,39.0
2023-03-05,35,37.0,False,0.37,12.95
2023-03-06,0,37.0,,0.37,0.0
2023-03-07,18,37.0,,0.37,6.66
2023-03-08,0,37.0,,0.37,0.0
2023-03-09,42,37.0,,0.37,15.54
2023-03-10,20,37.0,,0.37,7.4
2023-03-11,18,37.0,,0.37,6.66
2023-03-12,0,36.0,False,0.36,0.0
2023-03-13,35,36.0,,0.36,12.6
2023-03-14,24,36.0,,0.36,8.64
2023-03-15,0,36.0,,0.36,0.0
2023-03-16,0,36.0,,0.36,0.0
2023-03-17,29,36.0,,0.36,10.44
2023-03-18,0,36.0,,0.36,0.0
2023-03-19,0,40.0,False,0.4,0.0
2023-03-20,31,40.0,,0.4,12.4
2023-03-21,12,40.0,,0.4,4.800000000000001
2023-03-22,0,40.0,,0.4,0.0
2023-03-23,29,40.0,,0.4,11.600000000000001
2023-03-24,28,40.0,,0.4,11.200000000000001
2023-03-25,17,40.0,,0.4,6.800000000000001
2023-03-26,0,56.0,False,0.56,0.0
2023-03-27,0,56.0,,0.56,0.0
2023-03-28,16,56.0,,0.56,8.96
2023-03-29,17,56.0,,0.56,9.520000000000001
2023-03-30,21,56.0,,0.56,11.760000000000002
2023-03-31,0,56.0,,0.56,0.0
2023-04-01,81,56.0,,0.56,45.36000000000001
2023-04-02,74,60.0,False,0.6,44.4
2023-04-03,100,60.0,,0.6,60.0
2023-04-04,31,60.0,,0.6,18.599999999999998
2023-04-05,28,60.0,,0.6,16.8
2023-04-06,38,60.0,,0.6,22.8
2023-04-07,78,60.0,,0.6,46.8
2023-04-08,75,60.0,,0.6,45.0
2023-04-09,0,34.0,False,0.34,0.0
2023-04-10,0,34.0,,0.34,0.0
2023-04-11,72,34.0,,0.34,24.48
2023-04-12,40,34.0,,0.34,13.600000000000001
2023-04-13,37,34.0,,0.34,12.58
2023-04-14,59,34.0,,0.34,20.060000000000002
2023-04-15,0,34.0,,0.34,0.0
2023-04-16,67,53.0,False,0.53,35.510000000000005
2023-04-17,51,53.0,,0.53,27.03
2023-04-18,0,53.0,,0.53,0.0
2023-04-19,0,53.0,,0.53,0.0
2023-04-20,0,53.0,,0.53,0.0
2023-04-21,0,53.0,,0.53,0.0
2023-04-22,0,53.0,,0.53,0.0
2023-04-23,71,56.0,False,0.56,39.760000000000005
2023-04-24,39,56.0,,0.56,21.840000000000003
2023-04-25,59,56.0,,0.56,33.040000000000006
2023-04-26,92,56.0,,0.56,51.52
2023-04-27,60,56.0,,0.56,33.6
2023-04-28,93,56.0,,0.56,52.080000000000005
2023-04-29,0,56.0,,0.56,0.0
2023-04-30,0,55.0,False,0.55,0.0
2023-05-01,29,55.0,,0.55,15.950000000000001
2023-05-02,100,55.0,,0.55,55.00000000000001
2023-05-03,0,55.0,,0.55,0.0
2023-05-04,92,55.0,,0.55,50.6
2023-05-05,0,55.0,,0.55,0.0
2023-05-06,0,55.0,,0.55,0.0
2023-05-07,0,55.0,False,0.55,0.0
2023-05-08,0,55.0,,0.55,0.0
2023-05-09,93,55.0,,0.55,51.150000000000006
2023-05-10,27,55.0,,0.55,14.850000000000001
2023-05-11,39,55.0,,0.55,21.450000000000003
2023-05-12,0,55.0,,0.55,0.0
2023-05-13,0,55.0,,0.55,0.0
2023-05-14,74,63.0,True,0.63,46.62
2023-05-15,82,63.0,,0.63,51.660000000000004
2023-05-16,0,63.0,,0.63,0.0
2023-05-17,54,63.0,,0.63,34.02
2023-05-18,82,63.0,,0.63,51.660000000000004
2023-05-19,74,63.0,,0.63,46.62
